CREATE DATABASE dvd_loan_system;
USE dvd_loan_system;

CREATE TABLE RENTAL_CATEGORY(
    rentalCategory VARCHAR(20) NOT NULL,
    rentalCost DECIMAL(5,2) NOT NULL,
    rentalDuration INT NOT NULL,
    fineCharge DECIMAL(5,2) NOT NULL,
    PRIMARY KEY (rentalCategory)
);

CREATE TABLE BORROWER(
    borrowerNo VARCHAR(20) NOT NULL,
    borrowerName VARCHAR(20) NOT NULL,
    borrowerAddress VARCHAR(100) NOT NULL,
    borrowerStatus Varchar(20) NOT NULL,
    PRIMARY KEY (borrowerNo)
);

CREATE TABLE DVD(
    dvdNo VARCHAR(10) NOT NULL,
    dvdTitle VARCHAR(100) NOT NULL,
    starringActor VARCHAR(50) NOT NULL,
    dvdYear YEAR NOT NULL,
    rentalCategory VARCHAR(20) NOT NULL,
    PRIMARY KEY(dvdNo),
    FOREIGN KEY (rentalCategory) REFERENCES RENTAL_CATEGORY(rentalCategory)
);

CREATE TABLE LOAN(
    loanNo VARCHAR(10) NOT NULL,
    borrowerNo VARCHAR(20) NOT NULL,
    loan_date DATE NOT NULL,
    PRIMARY KEY (loanNo),
    FOREIGN KEY (borrowerNo) REFERENCES BORROWER (borrowerNo)
);

CREATE TABLE LOAN_DVD(
    loanNo VARCHAR(10) NOT NULL,
    dvdNo VARCHAR(10) NOT NULL,
    copyNo VARCHAR(10) NOT NULL,
    shelfPosition VARCHAR(10) NOT NULL,
    dvdStatus VARCHAR(10) NOT NULL,
    returnDueDate DATE NOT NULL,
    actualReturn_date DATE NULL,
    fineCharge DECIMAL(5,2) DEFAULT 0.00,
    PRIMARY KEY (loanNo, dvdNo),
    FOREIGN KEY (loanNo) REFERENCES LOAN (loanNo),
    FOREIGN KEY (dvdNo) REFERENCES DVD (dvdNo)
);

INSERT INTO DVD (dvdNo, dvdTitle, starringActor, dvdYear, rentalCategory) VALUES
  ('DN050', 'Guardians of the Galaxy', 'Chris Pratt', 2014, 'Superhero'),
  ('DN0135', 'Prometheus', 'Noomi Rapace', 2012, 'Adventure'),
  ('DN0171', 'Split', 'James McAvoy', 2016, 'Horror'),
  ('DN0102', 'Sing', 'Matthew McConaughey', 2016, 'Animation'),
  ('DN0188', 'Suicide Squad', 'Will Smith', 2016, 'Superhero'),
  ('DN025', 'The Great Wall', 'Matt Damon', 2016, 'Action'),
  ('DN0157', 'La La Land', 'Ryan Gosling', 2016, 'Comedy'),
  ('DN0177', 'Mindhorn', 'Essie Davis', 2016, 'Comedy'),
  ('DN0129', 'The Lost City of Z', 'Charlie Hunnam', 2016, 'Action'),
  ('DN0114', 'Passengers', 'Jennifer Lawrence', 2016, 'Adventure'),
  ('DN085', 'Fantastic Beasts and Where to Find Them', 'Eddie Redmayne', 2016, 'Adventure'),
  ('DN083', 'Hidden Figures', 'Taraji P. Henson', 2016, 'Biography'),
  ('DN039', 'Rogue One', 'Felicity Jones', 2016, 'Action'),
  ('DN0117', 'Moana', 'Auli''i Cravalho', 2016, 'Animation'),
  ('DN0183', 'Colossal', 'Anne Hathaway', 2016, 'Action'),
  ('DN100', 'The Secret Life of Pets', 'Louis C.K.', 2016, 'Animation'),
  ('DN070', 'Hacksaw Ridge', 'Andrew Garfield', 2016, 'Biography'),
  ('DN048', 'Jason Bourne', 'Matt Damon', 2016, 'Action'),
  ('DN0146', 'Lion', 'Dev Patel', 2016, 'Biography'),
  ('DN062', 'Arrival', 'Amy Adams', 2016, 'Drama'),
  ('DN0139', 'Gold', 'Matthew McConaughey', 2016, 'Adventure'),
  ('DN0151', 'Manchester by the Sea', 'Casey Affleck', 2016, 'Drama'),
  ('DN056', 'Hounds of Love', 'Emma Booth', 2016, 'Crime'),
  ('DN0156', 'Trolls', 'Anna Kendrick', 2016, 'Animation'),
  ('DN0166', 'Independence Day: Resurgence', 'Liam Hemsworth', 2016, 'Action'),
  ('DN033', 'Paris pieds nus', 'Fiona Gordon', 2016, 'Comedy'),
  ('DN0108', 'Bahubali: The Beginning', 'Prabhas', 2015, 'Action'),
  ('DN052', 'Dead Awake', 'Jocelin Donahue', 2016, 'Horror'),
  ('DN0159', 'Bad Moms', 'Mila Kunis', 2016, 'Comedy'),
  ('DN0167', 'Assassin''s Creed', 'Michael Fassbender', 2016, 'Action'),
  ('DN0161', 'Why Him?', 'Zoey Deutch', 2016, 'Comedy'),
  ('DN013', 'Nocturnal Animals', 'Amy Adams', 2016, 'Drama'),
  ('DN0149', 'X-Men: Apocalypse', 'James McAvoy', 2016, 'Superhero'),
  ('DN087', 'Deadpool', 'Ryan Reynolds', 2016, 'Superhero'),
  ('DN0190', 'Resident Evil: The Final Chapter', 'Milla Jovovich', 2016, 'Action'),
  ('DN0107', 'Captain America: Civil War', 'Chris Evans', 2016, 'Superhero'),
  ('DN0127', 'Interstellar', 'Matthew McConaughey', 2014, 'Adventure'),
  ('DN0109', 'Doctor Strange', 'Benedict Cumberbatch', 2016, 'Superhero'),
  ('DN0152', 'The Magnificent Seven', 'Denzel Washington', 2016, 'Action'),
  ('DN015', '5/25/1977', 'John Francis Daley', 2007, 'Comedy'),
  ('DN089', 'Sausage Party', 'Seth Rogen', 2016, 'Animation'),
  ('DN072', 'Moonlight', 'Mahershala Ali', 2016, 'Drama'),
  ('DN019', 'Don''t Die in the Woods', 'Brittany Blanton', 2016, 'Horror'),
  ('DN032', 'The Founder', 'Michael Keaton', 2016, 'Biography'),
  ('DN0123', 'Lowriders', 'Gabriel Chavarria', 2016, 'Drama'),
  ('DN003', 'Pirates of the Caribbean: On Stranger Tides', 'Johnny Depp', 2011, 'Action'),
  ('DN029', 'Miss Sloane', 'Jessica Chastain', 2016, 'Drama'),
  ('DN0158', 'Fallen', 'Hermione Corfield', 2016, 'Adventure'),
  ('DN011', 'Star Trek Beyond', 'Chris Pine', 2016, 'Action'),
  ('DN040', 'The Last Face', 'Charlize Theron', 2016, 'Drama'),
  ('DN0132', 'Star Wars: Episode VII - The Force Awakens', 'Daisy Ridley', 2015, 'Action'),
  ('DN0196', 'Underworld: Blood Wars', 'Kate Beckinsale', 2016, 'Action'),
  ('DN095', 'Mother''s Day', 'Jennifer Aniston', 2016, 'Comedy'),
  ('DN0140', 'John Wick', 'Keanu Reeves', 2014, 'Action'),
  ('DN073', 'The Dark Knight', 'Christian Bale', 2008, 'Superhero'),
  ('DN0187', 'Silence', 'Andrew Garfield', 2016, 'Adventure'),
  ('DN0186', 'Don''t Breathe', 'Stephen Lang', 2016, 'Crime'),
  ('DN0200', 'Me Before You', 'Emilia Clarke', 2016, 'Drama'),
  ('DN046', 'Their Finest', 'Gemma Arterton', 2016, 'Comedy'),
  ('DN090', 'Sully', 'Tom Hanks', 2016, 'Biography'),
  ('DN0142', 'Batman v Superman: Dawn of Justice', 'Ben Affleck', 2016, 'Superhero'),
  ('DN092', 'The Autopsy of Jane Doe', 'Brian Cox', 2016, 'Horror'),
  ('DN0155', 'The Girl on the Train', 'Emily Blunt', 2016, 'Crime'),
  ('DN0150', 'Fifty Shades of Grey', 'Dakota Johnson', 2015, 'Drama'),
  ('DN001', 'The Prestige', 'Christian Bale', 2006, 'Drama'),
  ('DN0103', 'Kingsman: The Secret Service', 'Colin Firth', 2014, 'Action'),
  ('DN078', 'Patriots Day', 'Mark Wahlberg', 2016, 'Drama'),
  ('DN068', 'Mad Max: Fury Road', 'Tom Hardy', 2015, 'Action'),
  ('DN0192', 'Wakefield', 'Bryan Cranston', 2016, 'Drama'),
  ('DN042', 'Deepwater Horizon', 'Mark Wahlberg', 2016, 'Action'),
  ('DN049', 'The Promise', 'Oscar Isaac', 2016, 'Drama'),
  ('DN0111', 'Allied', 'Brad Pitt', 2016, 'Action'),
  ('DN0144', 'A Monster Calls', 'Lewis MacDougall', 2016, 'Drama'),
  ('DN0112', 'Collateral Beauty', 'Will Smith', 2016, 'Drama'),
  ('DN006', 'Zootopia', 'Ginnifer Goodwin', 2016, 'Animation'),
  ('DN060', 'Pirates of the Caribbean: At World''s End', 'Johnny Depp', 2007, 'Action'),
  ('DN0116', 'The Avengers', 'Robert Downey Jr.', 2012, 'Superhero'),
  ('DN0128', 'Inglourious Basterds', 'Brad Pitt', 2009, 'Adventure'),
  ('DN0194', 'Pirates of the Caribbean: Dead Man''s Chest', 'Johnny Depp', 2006, 'Action'),
  ('DN0181', 'Ghostbusters', 'Melissa McCarthy', 2016, 'Action'),
  ('DN0118', 'Inception', 'Leonardo DiCaprio', 2010, 'Action'),
  ('DN014', 'Captain Fantastic', 'Viggo Mortensen', 2016, 'Comedy'),
  ('DN0175', 'The Wolf of Wall Street', 'Leonardo DiCaprio', 2013, 'Biography'),
  ('DN061', 'Gone Girl', 'Ben Affleck', 2014, 'Crime'),
  ('DN053', 'Furious Seven', 'Vin Diesel', 2015, 'Action'),
  ('DN065', 'Jurassic World', 'Chris Pratt', 2015, 'Action'),
  ('DN0164', 'Live by Night', 'Ben Affleck', 2016, 'Crime'),
  ('DN0115', 'Avatar', 'Sam Worthington', 2009, 'Action'),
  ('DN0143', 'The Hateful Eight', 'Samuel L. Jackson', 2015, 'Crime'),
  ('DN041', 'The Accountant', 'Ben Affleck', 2016, 'Action'),
  ('DN0101', 'Prisoners', 'Hugh Jackman', 2013, 'Crime'),
  ('DN0138', 'Warcraft', 'Travis Fimmel', 2016, 'Action'),
  ('DN0141', 'The Help', 'Emma Stone', 2011, 'Drama'),
  ('DN0197', 'War Dogs', 'Jonah Hill', 2016, 'Comedy'),
  ('DN0179', 'Avengers: Age of Ultron', 'Robert Downey Jr.', 2015, 'Superhero'),
  ('DN0120', 'The Nice Guys', 'Russell Crowe', 2016, 'Action'),
  ('DN0198', 'Kimi no na wa', 'Ryanbhanosuke Kamiki', 2016, 'Animation'),
  ('DN038', 'The Void', 'Aaron Poole', 2016, 'Horror'),
  ('DN051', 'Personal Shopper', 'Kristen Stewart', 2016, 'Drama'),
  ('DN082', 'The Departed', 'Leonardo DiCaprio', 2006, 'Crime'),
  ('DN0126', 'Legend', 'Tom Hardy', 2015, 'Biography'),
  ('DN0125', 'Thor', 'Chris Hemsworth', 2011, 'Superhero'),
  ('DN0163', 'The Martian', 'Matt Damon', 2015, 'Adventure'),
  ('DN012', 'Contratiempo', 'Mario Casas', 2016, 'Crime'),
  ('DN0180', 'The Man from U.N.C.L.E.', 'Henry Cavill', 2015, 'Action'),
  ('DN037', 'Hell or High Water', 'Chris Pine', 2016, 'Crime'),
  ('DN0145', 'The Comedian', 'Robert De Niro', 2016, 'Comedy'),
  ('DN026', 'The Legend of Tarzan', 'Alexander Skarsganbhayrd', 2016, 'Action'),
  ('DN074', 'All We Had', 'Eve Lindley', 2016, 'Drama'),
  ('DN064', 'Ex Machina', 'Alicia Vikander', 2014, 'Drama'),
  ('DN088', 'The Belko Experiment', 'John Gallagher Jr.', 2016, 'Action'),
  ('DN0174', '12 Years a Slave', 'Chiwetel Ejiofor', 2013, 'Biography'),
  ('DN080', 'The Bad Batch', 'Keanu Reeves', 2016, 'Romance'),
  ('DN0154', '300', 'Gerard Butler', 2006, 'Action'),
  ('DN097', 'Harry Potter and the Deathly Hallows: Part 2', 'Daniel Radcliffe', 2011, 'Adventure'),
  ('DN0160', 'Office Christmas Party', 'Jason Bateman', 2016, 'Comedy'),
  ('DN0195', 'The Neon Demon', 'Elle Fanning', 2016, 'Horror'),
  ('DN045', 'Dangal', 'Aamir Khan', 2016, 'Action'),
  ('DN0168', '10 Cloverfield Lane', 'John Goodman', 2016, 'Drama'),
  ('DN079', 'Finding Dory', 'Ellen DeGeneres', 2016, 'Animation'),
  ('DN081', 'Miss Peregrine''s Home for Peculiar Children', 'Eva Green', 2016, 'Adventure'),
  ('DN0106', 'Divergent', 'Shailene Woodley', 2014, 'Adventure'),
  ('DN020', 'Mike and Dave Need Wedding Dates', 'Zac Efron', 2016, 'Adventure'),
  ('DN069', 'Boyka: Undisputed IV', 'Scott Adkins', 2016, 'Action'),
  ('DN002', 'The Dark Knight Rises', 'Christian Bale', 2012, 'Superhero'),
  ('DN0104', 'The Jungle Book', 'Neel Sethi', 2016, 'Adventure'),
  ('DN027', 'Transformers: Age of Extinction', 'Mark Wahlberg', 2014, 'Action'),
  ('DN0136', 'Nerve', 'Emma Roberts', 2016, 'Adventure'),
  ('DN084', 'Mamma Mia!', 'Meryl Streep', 2008, 'Comedy'),
  ('DN0185', 'The Revenant', 'Leonardo DiCaprio', 2015, 'Adventure'),
  ('DN0130', 'Fences', 'Denzel Washington', 2016, 'Drama'),
  ('DN004', 'Into the Woods', 'Anna Kendrick', 2014, 'Adventure'),
  ('DN021', 'The Shallows', 'Blake Lively', 2016, 'Drama'),
  ('DN0165', 'Whiplash', 'Miles Teller', 2014, 'Drama'),
  ('DN0131', 'Furious 6', 'Vin Diesel', 2013, 'Action'),
  ('DN035', 'The Place Beyond the Pines', 'Ryan Gosling', 2012, 'Crime'),
  ('DN008', 'No Country for Old Men', 'Tommy Lee Jones', 2007, 'Crime'),
  ('DN0133', 'The Great Gatsby', 'Leonardo DiCaprio', 2013, 'Drama'),
  ('DN0110', 'Shutter Island', 'Leonardo DiCaprio', 2010, 'Mystery'),
  ('DN0176', 'Brimstone', 'Dakota Fanning', 2016, 'Mystery'),
  ('DN058', 'Star Trek', 'Chris Pine', 2009, 'Action'),
  ('DN047', 'Diary of a Wimpy Kid', 'Zachary Gordon', 2010, 'Comedy'),
  ('DN0147', 'The Big Short', 'Christian Bale', 2015, 'Biography'),
  ('DN0182', 'Room', 'Brie Larson', 2015, 'Drama'),
  ('DN0199', 'Django Unchained', 'Jamie Foxx', 2012, 'Drama'),
  ('DN063', 'Ah-ga-ssi', 'Min-hee Kim', 2016, 'Drama'),
  ('DN022', 'The Edge of Seventeen', 'Hailee Steinfeld', 2016, 'Comedy'),
  ('DN036', 'Watchmen', 'Jackie Earle Haley', 2009, 'Superhero'),
  ('DN043', 'Superbad', 'Michael Cera', 2007, 'Comedy'),
  ('DN091', 'Inferno', 'Tom Hanks', 2016, 'Action'),
  ('DN0134', 'The BFG', 'Mark Rylance', 2016, 'Adventure'),
  ('DN055', 'The Hunger Games', 'Jennifer Lawrence', 2012, 'Adventure'),
  ('DN071', 'White Girl', 'Morgan Saylor', 2016, 'Drama'),
  ('DN0121', 'Sicario', 'Emily Blunt', 2015, 'Action'),
  ('DN0191', 'Twin Peaks: The Missing Pieces', 'Chris Isaak', 2014, 'Drama'),
  ('DN030', 'Aliens vs Predator - Requiem', 'Reiko Aylesworth', 2007, 'Action'),
  ('DN0105', 'Pacific Rim', 'Idris Elba', 2013, 'Action'),
  ('DN0148', 'Crazy, Stupid, Love.', 'Steve Carell', 2011, 'Comedy'),
  ('DN0184', 'Scott Pilgrim vs. the World', 'Michael Cera', 2010, 'Action'),
  ('DN005', 'Hot Fuzz', 'Simon Pegg', 2007, 'Action'),
  ('DN017', 'Mine', 'Armie Hammer', 2016, 'Thriller'),
  ('DN066', 'Free Fire', 'Sharlto Copley', 2016, 'Action'),
  ('DN009', 'X-Men: Days of Future Past', 'Patrick Stewart', 2014, 'Superhero'),
  ('DN0189', 'Jack Reacher: Never Go Back', 'Tom Cruise', 2016, 'Action'),
  ('DN023', 'Casino Royale', 'Daniel Craig', 2006, 'Action'),
  ('DN024', 'Twilight', 'Kristen Stewart', 2008, 'Drama'),
  ('DN076', 'Now You See Me 2', 'Jesse Eisenberg', 2016, 'Action'),
  ('DN0173', 'Woman in Gold', 'Helen Mirren', 2015, 'Biography'),
  ('DN096', '13 Hours', 'John Krasinski', 2016, 'Action'),
  ('DN007', 'Spectre', 'Daniel Craig', 2015, 'Action'),
  ('DN059', 'Nightcrawler', 'Jake Gyllenhaal', 2014, 'Crime'),
  ('DN028', 'Kubo and the Two Strings', 'Charlize Theron', 2016, 'Animation'),
  ('DN099', 'Beyond the Gates', 'Graham Skipper', 2016, 'Adventure'),
  ('DN075', 'Her', 'Joaquin Phoenix', 2013, 'Drama'),
  ('DN0170', 'Frozen', 'Kristen Bell', 2013, 'Animation'),
  ('DN0169', 'Tomorrowland', 'George Clooney', 2015, 'Action'),
  ('DN044', 'Dawn of the Planet of the Apes', 'Gary Oldman', 2014, 'Action'),
  ('DN0124', 'Tropic Thunder', 'Ben Stiller', 2008, 'Action'),
  ('DN031', 'The Conjuring 2', 'Vera Farmiga', 2016, 'Horror'),
  ('DN034', 'Ant-Man', 'Paul Rudd', 2015, 'Superhero'),
  ('DN054', 'Bridget Jones''s Baby', 'Renanbhe Zellweger', 2016, 'Comedy'),
  ('DN0162', 'The VVitch: A New-England Folktale', 'Anya Taylor-Joy', 2015, 'Horror'),
  ('DN0178', 'Cinderella', 'Lily James', 2015, 'Drama'),
  ('DN093', 'Realive', 'Tom Hughes', 2016, 'Sci-Fi'),
  ('DN094', 'Forushande', 'Taraneh Alidoosti', 2016, 'Drama'),
  ('DN010', 'Love', 'Aomi Muyock', 2015, 'Drama'),
  ('DN067', 'Billy Lynn''s Long Halftime Walk', 'Joe Alwyn', 2016, 'Drama'),
  ('DN098', 'Crimson Peak', 'Mia Wasikowska', 2015, 'Drama'),
  ('DN057', 'Drive', 'Ryan Gosling', 2011, 'Crime'),
  ('DN0113', 'Trainwreck', 'Amy Schumer', 2015, 'Comedy'),
  ('DN0193', 'The Light Between Oceans', 'Michael Fassbender', 2016, 'Drama'),
  ('DN016', 'Below Her Mouth', 'Erika Linder', 2016, 'Drama'),
  ('DN0119', 'Spotlight', 'Mark Ruffalo', 2015, 'Crime'),
  ('DN0137', 'Morgan', 'Kate Mara', 2016, 'Horror'),
  ('DN018', 'Warrior', 'Tom Hardy', 2011, 'Action'),
  ('DN086', 'Captain America: The First Avenger', 'Chris Evans', 2011, 'Superhero'),
  ('DN0153', 'Hacker', 'Callan McAuliffe', 2016, 'Crime'),
  ('DN0122', 'Into the Wild', 'Emile Hirsch', 2007, 'Adventure'),
  ('DN0172', 'The Imitation Game', 'Benedict Cumberbatch', 2014, 'Biography'),
  ('DN077', 'Central Intelligence', 'Dwayne Johnson', 2016, 'Action');

INSERT INTO BORROWER (borrowerNo, borrowerName, borrowerAddress, borrowerStatus) VALUES
  ('BW001', 'James Carter',   '14 Maple Street, Nottingham, NG1 2AB',  'Active'),
  ('BW002', 'Sarah Mitchell', '27 Elm Road, Derby, DE1 3CD',           'Active'),
  ('BW003', 'Tom Hughes',     '5 Oak Avenue, Leicester, LE2 4EF',      'Active'),
  ('BW004', 'Emma Wilson',    '88 Pine Lane, Sheffield, S1 5GH',       'Suspended'),
  ('BW005', 'Daniel Brown',   '33 Birch Close, Nottingham, NG3 6IJ',   'Active'),
  ('BW006', 'Laura Evans',    '19 Cedar Drive, Coventry, CV1 7KL',     'Active'),
  ('BW007', 'Ryan Scott',     '61 Willow Way, Birmingham, B1 8MN',     'Active'),
  ('BW008', 'Hannah Clarke',  '7 Ash Court, Nottingham, NG5 9OP',      'Inactive'),
  ('BW009', 'Chris Taylor',   '42 Chestnut Rise, Leeds, LS1 1QR',      'Active'),
  ('BW010', 'Mia Johnson',    '3 Sycamore Place, Nottingham, NG7 2ST', 'Active');


INSERT INTO LOAN (loanNo, borrowerNo, loan_date) VALUES
  ('LN001', 'BW001', '2024-01-05'),
  ('LN002', 'BW002', '2024-01-10'),
  ('LN003', 'BW003', '2024-01-15'),
  ('LN004', 'BW004', '2024-01-18'),
  ('LN005', 'BW005', '2024-02-01'),
  ('LN006', 'BW006', '2024-02-07'),
  ('LN007', 'BW007', '2024-02-14'),
  ('LN008', 'BW008', '2024-02-20'),
  ('LN009', 'BW009', '2024-03-01'),
  ('LN010', 'BW010', '2024-03-10');
